[
  {
    "id": 1,
    "name": "Ботинки скорости +20",
    "slot": "Boots",
    "stats": {
      "spd": 20
    }
  },
  {
    "id": 2,
    "name": "Шлем здоровья +25%",
    "slot": "Helmet",
    "stats": {
      "hpPct": 25
    }
  },
  {
    "id": 3,
    "name": "Оружие атаки +30%",
    "slot": "Weapon",
    "stats": {
      "atkPct": 30
    }
  },
  {
    "id": 4,
    "name": "Кольцо меткости +40",
    "slot": "Ring",
    "stats": {
      "acc": 40
    }
  }
]